balance_id,item_id,warehouse_id,quantity_on_hand,quantity_reserved,reorder_point,stock_status,last_stock_take_date,last_updated
STK-WH-JKT-01-BLT-INV-001,BLT-INV-001,WH-JKT-01,4629,0,2000,NORMAL,2026-03-08,2026-03-08 14:30:00
STK-WH-JKB-01-BLT-INV-001,BLT-INV-001,WH-JKB-01,2051,0,2000,NORMAL,2026-03-07,2026-03-07 11:15:00
STK-WH-JKT-01-BLT-INV-002,BLT-INV-002,WH-JKT-01,2636,1,1500,NORMAL,2026-03-08,2026-03-08 14:30:00
STK-WH-JKB-01-BLT-INV-002,BLT-INV-002,WH-JKB-01,1957,0,1500,NORMAL,2026-03-07,2026-03-07 11:15:00
STK-WH-JKT-01-BLT-INV-003,BLT-INV-003,WH-JKT-01,22,5,25,LOW_STOCK,2026-03-08,2026-03-08 14:30:00
STK-WH-JKB-01-BLT-INV-003,BLT-INV-003,WH-JKB-01,28,0,25,NORMAL,2026-03-07,2026-03-07 11:15:00
STK-WH-JKT-01-BLT-INV-004,BLT-INV-004,WH-JKT-01,30,5,10,NORMAL,2026-03-08,2026-03-08 14:30:00
STK-WH-JKB-01-BLT-INV-004,BLT-INV-004,WH-JKB-01,18,0,10,NORMAL,2026-03-07,2026-03-07 11:15:00
STK-WH-JKT-01-BLT-INV-015,BLT-INV-015,WH-JKT-01,1566,4,1200,NORMAL,2026-03-08,2026-03-08 14:30:00
STK-WH-JKB-01-BLT-INV-015,BLT-INV-015,WH-JKB-01,2064,0,1200,NORMAL,2026-03-07,2026-03-07 11:15:00
STK-WH-JKT-01-BLT-INV-016,BLT-INV-016,WH-JKT-01,3270,0,3000,NORMAL,2026-03-08,2026-03-08 14:30:00
STK-WH-JKB-01-BLT-INV-016,BLT-INV-016,WH-JKB-01,3383,0,3000,NORMAL,2026-03-07,2026-03-07 11:15:00
STK-WH-JKT-01-BLT-INV-017,BLT-INV-017,WH-JKT-01,31,1,15,NORMAL,2026-03-08,2026-03-08 14:30:00
STK-WH-JKB-01-BLT-INV-017,BLT-INV-017,WH-JKB-01,15,0,15,LOW_STOCK,2026-03-07,2026-03-07 11:15:00
STK-WH-JKT-01-BLT-INV-018,BLT-INV-018,WH-JKT-01,233,1,80,NORMAL,2026-03-08,2026-03-08 14:30:00
STK-WH-JKB-01-BLT-INV-018,BLT-INV-018,WH-JKB-01,149,0,80,NORMAL,2026-03-07,2026-03-07 11:15:00
STK-WH-JKT-01-BLT-INV-019,BLT-INV-019,WH-JKT-01,43,1,20,NORMAL,2026-03-08,2026-03-08 14:30:00
STK-WH-JKB-01-BLT-INV-019,BLT-INV-019,WH-JKB-01,34,0,20,NORMAL,2026-03-07,2026-03-07 11:15:00
STK-WH-JKT-01-BLT-INV-005,BLT-INV-005,WH-JKT-01,13,0,15,LOW_STOCK,2026-03-08,2026-03-08 14:30:00
STK-WH-JKB-01-BLT-INV-005,BLT-INV-005,WH-JKB-01,20,0,15,NORMAL,2026-03-07,2026-03-07 11:15:00
STK-WH-JKT-01-BLT-INV-006,BLT-INV-006,WH-JKT-01,33,3,12,NORMAL,2026-03-08,2026-03-08 14:30:00
STK-WH-JKB-01-BLT-INV-006,BLT-INV-006,WH-JKB-01,17,0,12,NORMAL,2026-03-07,2026-03-07 11:15:00
STK-WH-JKT-01-BLT-INV-007,BLT-INV-007,WH-JKT-01,57,1,30,NORMAL,2026-03-08,2026-03-08 14:30:00
STK-WH-JKB-01-BLT-INV-007,BLT-INV-007,WH-JKB-01,36,0,30,NORMAL,2026-03-07,2026-03-07 11:15:00
STK-WH-JKT-01-BLT-INV-020,BLT-INV-020,WH-JKT-01,24,2,8,NORMAL,2026-03-08,2026-03-08 14:30:00
STK-WH-JKB-01-BLT-INV-020,BLT-INV-020,WH-JKB-01,9,0,8,NORMAL,2026-03-07,2026-03-07 11:15:00
STK-WH-JKT-01-BLT-INV-021,BLT-INV-021,WH-JKT-01,32,3,20,NORMAL,2026-03-08,2026-03-08 14:30:00
STK-WH-JKB-01-BLT-INV-021,BLT-INV-021,WH-JKB-01,23,0,20,NORMAL,2026-03-07,2026-03-07 11:15:00
STK-WH-JKT-01-BLT-INV-022,BLT-INV-022,WH-JKT-01,25,2,10,NORMAL,2026-03-08,2026-03-08 14:30:00
STK-WH-JKB-01-BLT-INV-022,BLT-INV-022,WH-JKB-01,19,0,10,NORMAL,2026-03-07,2026-03-07 11:15:00
STK-WH-JKT-01-BLT-INV-023,BLT-INV-023,WH-JKT-01,17,0,6,NORMAL,2026-03-08,2026-03-08 14:30:00
STK-WH-JKB-01-BLT-INV-023,BLT-INV-023,WH-JKB-01,11,0,6,NORMAL,2026-03-07,2026-03-07 11:15:00
STK-WH-JKT-01-BLT-INV-024,BLT-INV-024,WH-JKT-01,21,4,8,NORMAL,2026-03-08,2026-03-08 14:30:00
STK-WH-JKB-01-BLT-INV-024,BLT-INV-024,WH-JKB-01,9,0,8,NORMAL,2026-03-07,2026-03-07 11:15:00
STK-WH-JKT-01-BLT-INV-008,BLT-INV-008,WH-JKT-01,403,0,200,NORMAL,2026-03-08,2026-03-08 14:30:00
STK-WH-JKT-01-BLT-INV-009,BLT-INV-009,WH-JKT-01,120,2,40,NORMAL,2026-03-08,2026-03-08 14:30:00
STK-WH-JKT-01-BLT-INV-010,BLT-INV-010,WH-JKT-01,680,4,300,NORMAL,2026-03-08,2026-03-08 14:30:00
STK-WH-JKT-01-BLT-INV-025,BLT-INV-025,WH-JKT-01,706,5,500,NORMAL,2026-03-08,2026-03-08 14:30:00
STK-WH-JKT-01-BLT-INV-026,BLT-INV-026,WH-JKT-01,58,0,40,NORMAL,2026-03-08,2026-03-08 14:30:00
STK-WH-JKT-01-BLT-INV-027,BLT-INV-027,WH-JKT-01,276,2,150,NORMAL,2026-03-08,2026-03-08 14:30:00
STK-WH-JKT-01-BLT-INV-028,BLT-INV-028,WH-JKT-01,23,1,12,NORMAL,2026-03-08,2026-03-08 14:30:00
STK-WH-JKT-01-BLT-INV-029,BLT-INV-029,WH-JKT-01,413,3,300,NORMAL,2026-03-08,2026-03-08 14:30:00
STK-WH-JKT-01-BLT-INV-011,BLT-INV-011,WH-JKT-01,20,3,8,NORMAL,2026-03-08,2026-03-08 14:30:00
STK-WH-JKT-01-BLT-INV-012,BLT-INV-012,WH-JKT-01,85,2,35,NORMAL,2026-03-08,2026-03-08 14:30:00
STK-WH-JKT-01-BLT-INV-030,BLT-INV-030,WH-JKT-01,30,2,15,NORMAL,2026-03-08,2026-03-08 14:30:00
STK-WH-JKT-01-BLT-INV-031,BLT-INV-031,WH-JKT-01,25,1,10,NORMAL,2026-03-08,2026-03-08 14:30:00
STK-WH-JKT-01-BLT-INV-032,BLT-INV-032,WH-JKT-01,32,2,12,NORMAL,2026-03-08,2026-03-08 14:30:00
STK-WH-JKT-01-BLT-INV-013,BLT-INV-013,WH-JKT-01,149,5,50,NORMAL,2026-03-08,2026-03-08 14:30:00
STK-WH-JKT-01-BLT-INV-014,BLT-INV-014,WH-JKT-01,1173,0,500,NORMAL,2026-03-08,2026-03-08 14:30:00
STK-WH-JKT-01-BLT-INV-033,BLT-INV-033,WH-JKT-01,147,5,60,NORMAL,2026-03-08,2026-03-08 14:30:00
STK-WH-JKT-01-BLT-INV-034,BLT-INV-034,WH-JKT-01,71,4,40,NORMAL,2026-03-08,2026-03-08 14:30:00
STK-WH-JKT-01-BLT-INV-035,BLT-INV-035,WH-JKT-01,86,1,30,NORMAL,2026-03-08,2026-03-08 14:30:00
STK-WH-BDG-01-BLT-INV-002,BLT-INV-002,WH-BDG-01,450,0,1500,CRITICAL,2026-03-08,2026-03-08 16:45:00
STK-WH-BDG-01-BLT-INV-003,BLT-INV-003,WH-BDG-01,8,2,25,CRITICAL,2026-03-08,2026-03-08 16:45:00
STK-WH-BDG-01-BLT-INV-004,BLT-INV-004,WH-BDG-01,6,1,10,LOW_STOCK,2026-03-08,2026-03-08 16:45:00
STK-WH-BDG-01-BLT-INV-006,BLT-INV-006,WH-BDG-01,2,0,12,CRITICAL,2026-03-08,2026-03-08 16:45:00
STK-WH-BDG-01-BLT-INV-001,BLT-INV-001,WH-BDG-01,3500,120,2000,NORMAL,2026-03-08,2026-03-08 16:45:00
STK-WH-BDG-01-BLT-INV-018,BLT-INV-018,WH-BDG-01,65,10,80,LOW_STOCK,2026-03-08,2026-03-08 16:45:00
STK-WH-BDG-01-BLT-INV-025,BLT-INV-025,WH-BDG-01,420,50,500,LOW_STOCK,2026-03-08,2026-03-08 16:45:00
STK-WH-DPS-01-BLT-INV-005,BLT-INV-005,WH-DPS-01,3,1,15,CRITICAL,2026-03-08,2026-03-08 16:45:00
STK-WH-DPS-01-BLT-INV-021,BLT-INV-021,WH-DPS-01,14,2,20,LOW_STOCK,2026-03-08,2026-03-08 16:45:00
STK-WH-DPS-01-BLT-INV-001,BLT-INV-001,WH-DPS-01,4200,200,2000,NORMAL,2026-03-08,2026-03-08 16:45:00
STK-WH-DPS-01-BLT-INV-010,BLT-INV-010,WH-DPS-01,280,40,300,LOW_STOCK,2026-03-08,2026-03-08 16:45:00
STK-WH-DPS-01-BLT-INV-026,BLT-INV-026,WH-DPS-01,32,5,40,LOW_STOCK,2026-03-08,2026-03-08 16:45:00
STK-WH-DPS-01-BLT-INV-013,BLT-INV-013,WH-DPS-01,45,12,50,LOW_STOCK,2026-03-08,2026-03-08 16:45:00
STK-WH-MDN-01-BLT-INV-023,BLT-INV-023,WH-MDN-01,1,0,6,CRITICAL,2026-03-08,2026-03-08 16:45:00
STK-WH-MDN-01-BLT-INV-012,BLT-INV-012,WH-MDN-01,22,2,35,LOW_STOCK,2026-03-08,2026-03-08 16:45:00
STK-WH-MDN-01-BLT-INV-008,BLT-INV-008,WH-MDN-01,180,20,200,LOW_STOCK,2026-03-08,2026-03-08 16:45:00
STK-WH-MDN-01-BLT-INV-014,BLT-INV-014,WH-MDN-01,350,50,500,LOW_STOCK,2026-03-08,2026-03-08 16:45:00
STK-WH-SMG-01-BLT-INV-016,BLT-INV-016,WH-SMG-01,2000,300,3000,LOW_STOCK,2026-03-08,2026-03-08 16:45:00
STK-WH-SMG-01-BLT-INV-003,BLT-INV-003,WH-SMG-01,18,2,25,LOW_STOCK,2026-03-08,2026-03-08 16:45:00
STK-WH-SMG-01-BLT-INV-033,BLT-INV-033,WH-SMG-01,40,8,60,LOW_STOCK,2026-03-08,2026-03-08 16:45:00
STK-WH-SBY-01-BLT-INV-008,BLT-INV-008,WH-SBY-01,120,10,200,LOW_STOCK,2026-03-08,2026-03-08 16:45:00
STK-WH-SBY-01-BLT-INV-009,BLT-INV-009,WH-SBY-01,35,5,40,LOW_STOCK,2026-03-08,2026-03-08 16:45:00
STK-WH-SBY-01-BLT-INV-004,BLT-INV-004,WH-SBY-01,8,1,10,LOW_STOCK,2026-03-08,2026-03-08 16:45:00
STK-WH-SBY-01-BLT-INV-015,BLT-INV-015,WH-SBY-01,950,100,1200,LOW_STOCK,2026-03-08,2026-03-08 16:45:00
STK-WH-MKS-01-BLT-INV-013,BLT-INV-013,WH-MKS-01,32,2,50,LOW_STOCK,2026-03-08,2026-03-08 16:45:00
STK-WH-MKS-01-BLT-INV-006,BLT-INV-006,WH-MKS-01,6,1,12,CRITICAL,2026-03-08,2026-03-08 16:45:00
STK-WH-MKS-01-BLT-INV-007,BLT-INV-007,WH-MKS-01,22,4,30,LOW_STOCK,2026-03-08,2026-03-08 16:45:00
